<?xml version="1.0" encoding="UTF-8"?>
<spirit:component xmlns:xilinx="http://www.xilinx.com" xmlns:spirit="http://www.spiritconsortium.org/XMLSchema/SPIRIT/1685-2009" xmlns:xsi="http://www.w3.org/2001/XMLSchema-instance">
  <spirit:vendor>xilinx.com</spirit:vendor>
  <spirit:library>user</spirit:library>
  <spirit:name>NoC_flattened_butterfly</spirit:name>
  <spirit:version>1.0</spirit:version>
  <spirit:busInterfaces>
    <spirit:busInterface>
      <spirit:name>rst</spirit:name>
      <spirit:busType spirit:vendor="xilinx.com" spirit:library="signal" spirit:name="reset" spirit:version="1.0"/>
      <spirit:abstractionType spirit:vendor="xilinx.com" spirit:library="signal" spirit:name="reset_rtl" spirit:version="1.0"/>
      <spirit:slave/>
      <spirit:portMaps>
        <spirit:portMap>
          <spirit:logicalPort>
            <spirit:name>RST</spirit:name>
          </spirit:logicalPort>
          <spirit:physicalPort>
            <spirit:name>rst</spirit:name>
          </spirit:physicalPort>
        </spirit:portMap>
      </spirit:portMaps>
    </spirit:busInterface>
    <spirit:busInterface>
      <spirit:name>clk</spirit:name>
      <spirit:busType spirit:vendor="xilinx.com" spirit:library="signal" spirit:name="clock" spirit:version="1.0"/>
      <spirit:abstractionType spirit:vendor="xilinx.com" spirit:library="signal" spirit:name="clock_rtl" spirit:version="1.0"/>
      <spirit:slave/>
      <spirit:portMaps>
        <spirit:portMap>
          <spirit:logicalPort>
            <spirit:name>CLK</spirit:name>
          </spirit:logicalPort>
          <spirit:physicalPort>
            <spirit:name>clk</spirit:name>
          </spirit:physicalPort>
        </spirit:portMap>
      </spirit:portMaps>
      <spirit:parameters>
        <spirit:parameter>
          <spirit:name>ASSOCIATED_RESET</spirit:name>
          <spirit:value spirit:id="BUSIFPARAM_VALUE.CLK.ASSOCIATED_RESET">rst</spirit:value>
        </spirit:parameter>
      </spirit:parameters>
    </spirit:busInterface>
  </spirit:busInterfaces>
  <spirit:model>
    <spirit:views>
      <spirit:view>
        <spirit:name>xilinx_anylanguagesynthesis</spirit:name>
        <spirit:displayName>Synthesis</spirit:displayName>
        <spirit:envIdentifier>:vivado.xilinx.com:synthesis</spirit:envIdentifier>
        <spirit:language>Verilog</spirit:language>
        <spirit:modelName>NoC_flattened_butterfly</spirit:modelName>
        <spirit:fileSetRef>
          <spirit:localName>xilinx_anylanguagesynthesis_view_fileset</spirit:localName>
        </spirit:fileSetRef>
        <spirit:parameters>
          <spirit:parameter>
            <spirit:name>viewChecksum</spirit:name>
            <spirit:value>f91f25e5</spirit:value>
          </spirit:parameter>
        </spirit:parameters>
      </spirit:view>
      <spirit:view>
        <spirit:name>xilinx_anylanguagebehavioralsimulation</spirit:name>
        <spirit:displayName>Simulation</spirit:displayName>
        <spirit:envIdentifier>:vivado.xilinx.com:simulation</spirit:envIdentifier>
        <spirit:language>Verilog</spirit:language>
        <spirit:modelName>NoC_flattened_butterfly</spirit:modelName>
        <spirit:fileSetRef>
          <spirit:localName>xilinx_anylanguagebehavioralsimulation_view_fileset</spirit:localName>
        </spirit:fileSetRef>
        <spirit:parameters>
          <spirit:parameter>
            <spirit:name>viewChecksum</spirit:name>
            <spirit:value>f91f25e5</spirit:value>
          </spirit:parameter>
        </spirit:parameters>
      </spirit:view>
      <spirit:view>
        <spirit:name>xilinx_testbench</spirit:name>
        <spirit:displayName>Test Bench</spirit:displayName>
        <spirit:envIdentifier>:vivado.xilinx.com:simulation.testbench</spirit:envIdentifier>
        <spirit:modelName>tb_NoC_flattened_butterfly</spirit:modelName>
        <spirit:fileSetRef>
          <spirit:localName>xilinx_testbench_view_fileset</spirit:localName>
        </spirit:fileSetRef>
        <spirit:parameters>
          <spirit:parameter>
            <spirit:name>viewChecksum</spirit:name>
            <spirit:value>2dd121cb</spirit:value>
          </spirit:parameter>
        </spirit:parameters>
      </spirit:view>
      <spirit:view>
        <spirit:name>xilinx_xpgui</spirit:name>
        <spirit:displayName>UI Layout</spirit:displayName>
        <spirit:envIdentifier>:vivado.xilinx.com:xgui.ui</spirit:envIdentifier>
        <spirit:fileSetRef>
          <spirit:localName>xilinx_xpgui_view_fileset</spirit:localName>
        </spirit:fileSetRef>
        <spirit:parameters>
          <spirit:parameter>
            <spirit:name>viewChecksum</spirit:name>
            <spirit:value>71e02199</spirit:value>
          </spirit:parameter>
        </spirit:parameters>
      </spirit:view>
    </spirit:views>
    <spirit:ports>
      <spirit:port>
        <spirit:name>clk</spirit:name>
        <spirit:wire>
          <spirit:direction>in</spirit:direction>
          <spirit:wireTypeDefs>
            <spirit:wireTypeDef>
              <spirit:typeName>std_logic</spirit:typeName>
              <spirit:viewNameRef>xilinx_anylanguagesynthesis</spirit:viewNameRef>
              <spirit:viewNameRef>xilinx_anylanguagebehavioralsimulation</spirit:viewNameRef>
            </spirit:wireTypeDef>
          </spirit:wireTypeDefs>
        </spirit:wire>
      </spirit:port>
      <spirit:port>
        <spirit:name>rst</spirit:name>
        <spirit:wire>
          <spirit:direction>in</spirit:direction>
          <spirit:wireTypeDefs>
            <spirit:wireTypeDef>
              <spirit:typeName>std_logic</spirit:typeName>
              <spirit:viewNameRef>xilinx_anylanguagesynthesis</spirit:viewNameRef>
              <spirit:viewNameRef>xilinx_anylanguagebehavioralsimulation</spirit:viewNameRef>
            </spirit:wireTypeDef>
          </spirit:wireTypeDefs>
        </spirit:wire>
      </spirit:port>
      <spirit:port>
        <spirit:name>valid_i_NoC</spirit:name>
        <spirit:wire>
          <spirit:direction>in</spirit:direction>
          <spirit:vector>
            <spirit:left spirit:format="long">0</spirit:left>
            <spirit:right spirit:format="long" spirit:resolve="dependent" spirit:dependency="((spirit:decode(id(&apos;MODELPARAM_VALUE.NODE_PER_ROW&apos;)) * spirit:decode(id(&apos;MODELPARAM_VALUE.NODE_PER_COL&apos;))) - 1)">15</spirit:right>
          </spirit:vector>
          <spirit:wireTypeDefs>
            <spirit:wireTypeDef>
              <spirit:typeName>std_logic_vector</spirit:typeName>
              <spirit:viewNameRef>xilinx_anylanguagesynthesis</spirit:viewNameRef>
              <spirit:viewNameRef>xilinx_anylanguagebehavioralsimulation</spirit:viewNameRef>
            </spirit:wireTypeDef>
          </spirit:wireTypeDefs>
        </spirit:wire>
      </spirit:port>
      <spirit:port>
        <spirit:name>data_i_NoC</spirit:name>
        <spirit:wire>
          <spirit:direction>in</spirit:direction>
          <spirit:vector>
            <spirit:left spirit:format="long">0</spirit:left>
            <spirit:right spirit:format="long" spirit:resolve="dependent" spirit:dependency="(((spirit:decode(id(&apos;MODELPARAM_VALUE.DATA_W&apos;)) * spirit:decode(id(&apos;MODELPARAM_VALUE.NODE_PER_ROW&apos;))) * spirit:decode(id(&apos;MODELPARAM_VALUE.NODE_PER_COL&apos;))) - 1)">127</spirit:right>
          </spirit:vector>
          <spirit:wireTypeDefs>
            <spirit:wireTypeDef>
              <spirit:typeName>std_logic_vector</spirit:typeName>
              <spirit:viewNameRef>xilinx_anylanguagesynthesis</spirit:viewNameRef>
              <spirit:viewNameRef>xilinx_anylanguagebehavioralsimulation</spirit:viewNameRef>
            </spirit:wireTypeDef>
          </spirit:wireTypeDefs>
        </spirit:wire>
      </spirit:port>
      <spirit:port>
        <spirit:name>off_sigs_i_NoC</spirit:name>
        <spirit:wire>
          <spirit:direction>in</spirit:direction>
          <spirit:vector>
            <spirit:left spirit:format="long">0</spirit:left>
            <spirit:right spirit:format="long" spirit:resolve="dependent" spirit:dependency="((spirit:decode(id(&apos;MODELPARAM_VALUE.NODE_PER_ROW&apos;)) * spirit:decode(id(&apos;MODELPARAM_VALUE.NODE_PER_COL&apos;))) - 1)">15</spirit:right>
          </spirit:vector>
          <spirit:wireTypeDefs>
            <spirit:wireTypeDef>
              <spirit:typeName>std_logic_vector</spirit:typeName>
              <spirit:viewNameRef>xilinx_anylanguagesynthesis</spirit:viewNameRef>
              <spirit:viewNameRef>xilinx_anylanguagebehavioralsimulation</spirit:viewNameRef>
            </spirit:wireTypeDef>
          </spirit:wireTypeDefs>
        </spirit:wire>
      </spirit:port>
      <spirit:port>
        <spirit:name>valid_o_NoC</spirit:name>
        <spirit:wire>
          <spirit:direction>out</spirit:direction>
          <spirit:vector>
            <spirit:left spirit:format="long">0</spirit:left>
            <spirit:right spirit:format="long" spirit:resolve="dependent" spirit:dependency="((spirit:decode(id(&apos;MODELPARAM_VALUE.NODE_PER_ROW&apos;)) * spirit:decode(id(&apos;MODELPARAM_VALUE.NODE_PER_COL&apos;))) - 1)">15</spirit:right>
          </spirit:vector>
          <spirit:wireTypeDefs>
            <spirit:wireTypeDef>
              <spirit:typeName>std_logic_vector</spirit:typeName>
              <spirit:viewNameRef>xilinx_anylanguagesynthesis</spirit:viewNameRef>
              <spirit:viewNameRef>xilinx_anylanguagebehavioralsimulation</spirit:viewNameRef>
            </spirit:wireTypeDef>
          </spirit:wireTypeDefs>
        </spirit:wire>
      </spirit:port>
      <spirit:port>
        <spirit:name>data_o_NoC</spirit:name>
        <spirit:wire>
          <spirit:direction>out</spirit:direction>
          <spirit:vector>
            <spirit:left spirit:format="long">0</spirit:left>
            <spirit:right spirit:format="long" spirit:resolve="dependent" spirit:dependency="(((spirit:decode(id(&apos;MODELPARAM_VALUE.DATA_W&apos;)) * spirit:decode(id(&apos;MODELPARAM_VALUE.NODE_PER_ROW&apos;))) * spirit:decode(id(&apos;MODELPARAM_VALUE.NODE_PER_COL&apos;))) - 1)">127</spirit:right>
          </spirit:vector>
          <spirit:wireTypeDefs>
            <spirit:wireTypeDef>
              <spirit:typeName>std_logic_vector</spirit:typeName>
              <spirit:viewNameRef>xilinx_anylanguagesynthesis</spirit:viewNameRef>
              <spirit:viewNameRef>xilinx_anylanguagebehavioralsimulation</spirit:viewNameRef>
            </spirit:wireTypeDef>
          </spirit:wireTypeDefs>
        </spirit:wire>
      </spirit:port>
      <spirit:port>
        <spirit:name>off_sigs_o_NoC</spirit:name>
        <spirit:wire>
          <spirit:direction>out</spirit:direction>
          <spirit:vector>
            <spirit:left spirit:format="long">0</spirit:left>
            <spirit:right spirit:format="long" spirit:resolve="dependent" spirit:dependency="((spirit:decode(id(&apos;MODELPARAM_VALUE.NODE_PER_ROW&apos;)) * spirit:decode(id(&apos;MODELPARAM_VALUE.NODE_PER_COL&apos;))) - 1)">15</spirit:right>
          </spirit:vector>
          <spirit:wireTypeDefs>
            <spirit:wireTypeDef>
              <spirit:typeName>std_logic_vector</spirit:typeName>
              <spirit:viewNameRef>xilinx_anylanguagesynthesis</spirit:viewNameRef>
              <spirit:viewNameRef>xilinx_anylanguagebehavioralsimulation</spirit:viewNameRef>
            </spirit:wireTypeDef>
          </spirit:wireTypeDefs>
        </spirit:wire>
      </spirit:port>
    </spirit:ports>
    <spirit:modelParameters>
      <spirit:modelParameter xsi:type="spirit:nameValueTypeType" spirit:dataType="integer">
        <spirit:name>DATA_W</spirit:name>
        <spirit:displayName>Data W</spirit:displayName>
        <spirit:value spirit:format="long" spirit:resolve="generated" spirit:id="MODELPARAM_VALUE.DATA_W">8</spirit:value>
      </spirit:modelParameter>
      <spirit:modelParameter spirit:dataType="integer">
        <spirit:name>FIFO_DEPTH</spirit:name>
        <spirit:displayName>Fifo Depth</spirit:displayName>
        <spirit:value spirit:format="long" spirit:resolve="generated" spirit:id="MODELPARAM_VALUE.FIFO_DEPTH">8</spirit:value>
      </spirit:modelParameter>
      <spirit:modelParameter spirit:dataType="integer">
        <spirit:name>NODE_PER_ROW</spirit:name>
        <spirit:displayName>Node Per Row</spirit:displayName>
        <spirit:value spirit:format="long" spirit:resolve="generated" spirit:id="MODELPARAM_VALUE.NODE_PER_ROW">4</spirit:value>
      </spirit:modelParameter>
      <spirit:modelParameter spirit:dataType="integer">
        <spirit:name>NODE_PER_COL</spirit:name>
        <spirit:displayName>Node Per Col</spirit:displayName>
        <spirit:value spirit:format="long" spirit:resolve="generated" spirit:id="MODELPARAM_VALUE.NODE_PER_COL">4</spirit:value>
      </spirit:modelParameter>
    </spirit:modelParameters>
  </spirit:model>
  <spirit:fileSets>
    <spirit:fileSet>
      <spirit:name>xilinx_anylanguagesynthesis_view_fileset</spirit:name>
      <spirit:file>
        <spirit:name>../../../../../Users/Xandy/Documents/VivadoProject/NoC/NoC.srcs/sources_1/new/router.v</spirit:name>
        <spirit:fileType>verilogSource</spirit:fileType>
        <spirit:isIncludeFile>true</spirit:isIncludeFile>
      </spirit:file>
      <spirit:file>
        <spirit:name>../../../../../Users/Xandy/Documents/VivadoProject/NoC/NoC.srcs/sources_1/new/fifo.v</spirit:name>
        <spirit:fileType>verilogSource</spirit:fileType>
        <spirit:isIncludeFile>true</spirit:isIncludeFile>
      </spirit:file>
      <spirit:file>
        <spirit:name>../../../../../Users/Xandy/Documents/VivadoProject/NoC/NoC.srcs/sources_1/new/route_compute.v</spirit:name>
        <spirit:fileType>verilogSource</spirit:fileType>
        <spirit:isIncludeFile>true</spirit:isIncludeFile>
      </spirit:file>
      <spirit:file>
        <spirit:name>../../../../../Users/Xandy/Documents/VivadoProject/NoC/NoC.srcs/sources_1/new/roundrobin_arbiter.v</spirit:name>
        <spirit:fileType>verilogSource</spirit:fileType>
        <spirit:isIncludeFile>true</spirit:isIncludeFile>
      </spirit:file>
      <spirit:file>
        <spirit:name>../../../../../Users/Xandy/Documents/VivadoProject/NoC/NoC.srcs/sources_1/new/xbar.v</spirit:name>
        <spirit:fileType>verilogSource</spirit:fileType>
        <spirit:isIncludeFile>true</spirit:isIncludeFile>
      </spirit:file>
      <spirit:file>
        <spirit:name>../../../../../Users/Xandy/Documents/VivadoProject/NoC/NoC.srcs/sources_1/new/NoC_flattened_butterfly.v</spirit:name>
        <spirit:fileType>verilogSource</spirit:fileType>
        <spirit:userFileType>CHECKSUM_dc578520</spirit:userFileType>
        <spirit:isIncludeFile>true</spirit:isIncludeFile>
      </spirit:file>
    </spirit:fileSet>
    <spirit:fileSet>
      <spirit:name>xilinx_anylanguagebehavioralsimulation_view_fileset</spirit:name>
      <spirit:file>
        <spirit:name>../../../../../Users/Xandy/Documents/VivadoProject/NoC/NoC.srcs/sources_1/new/router.v</spirit:name>
        <spirit:fileType>verilogSource</spirit:fileType>
        <spirit:isIncludeFile>true</spirit:isIncludeFile>
      </spirit:file>
      <spirit:file>
        <spirit:name>../../../../../Users/Xandy/Documents/VivadoProject/NoC/NoC.srcs/sources_1/new/fifo.v</spirit:name>
        <spirit:fileType>verilogSource</spirit:fileType>
        <spirit:isIncludeFile>true</spirit:isIncludeFile>
      </spirit:file>
      <spirit:file>
        <spirit:name>../../../../../Users/Xandy/Documents/VivadoProject/NoC/NoC.srcs/sources_1/new/route_compute.v</spirit:name>
        <spirit:fileType>verilogSource</spirit:fileType>
        <spirit:isIncludeFile>true</spirit:isIncludeFile>
      </spirit:file>
      <spirit:file>
        <spirit:name>../../../../../Users/Xandy/Documents/VivadoProject/NoC/NoC.srcs/sources_1/new/roundrobin_arbiter.v</spirit:name>
        <spirit:fileType>verilogSource</spirit:fileType>
        <spirit:isIncludeFile>true</spirit:isIncludeFile>
      </spirit:file>
      <spirit:file>
        <spirit:name>../../../../../Users/Xandy/Documents/VivadoProject/NoC/NoC.srcs/sources_1/new/xbar.v</spirit:name>
        <spirit:fileType>verilogSource</spirit:fileType>
        <spirit:isIncludeFile>true</spirit:isIncludeFile>
      </spirit:file>
      <spirit:file>
        <spirit:name>../../../../../Users/Xandy/Documents/VivadoProject/NoC/NoC.srcs/sources_1/new/NoC_flattened_butterfly.v</spirit:name>
        <spirit:fileType>verilogSource</spirit:fileType>
        <spirit:isIncludeFile>true</spirit:isIncludeFile>
      </spirit:file>
    </spirit:fileSet>
    <spirit:fileSet>
      <spirit:name>xilinx_testbench_view_fileset</spirit:name>
      <spirit:file>
        <spirit:name>../../../../../Users/Xandy/Documents/VivadoProject/NoC/NoC.srcs/sim_1/new/tb_fifo.v</spirit:name>
        <spirit:fileType>verilogSource</spirit:fileType>
        <spirit:userFileType>USED_IN_implementation</spirit:userFileType>
        <spirit:userFileType>USED_IN_simulation</spirit:userFileType>
        <spirit:userFileType>USED_IN_synthesis</spirit:userFileType>
        <spirit:isIncludeFile>true</spirit:isIncludeFile>
      </spirit:file>
      <spirit:file>
        <spirit:name>../../../../../Users/Xandy/Documents/VivadoProject/NoC/NoC.srcs/sim_1/new/tb_route_compute.v</spirit:name>
        <spirit:fileType>verilogSource</spirit:fileType>
        <spirit:userFileType>USED_IN_implementation</spirit:userFileType>
        <spirit:userFileType>USED_IN_simulation</spirit:userFileType>
        <spirit:userFileType>USED_IN_synthesis</spirit:userFileType>
        <spirit:isIncludeFile>true</spirit:isIncludeFile>
      </spirit:file>
      <spirit:file>
        <spirit:name>../../../../../Users/Xandy/Documents/VivadoProject/NoC/NoC.srcs/sim_1/new/tb_roundrobin_arbiter.v</spirit:name>
        <spirit:fileType>verilogSource</spirit:fileType>
        <spirit:userFileType>USED_IN_implementation</spirit:userFileType>
        <spirit:userFileType>USED_IN_simulation</spirit:userFileType>
        <spirit:userFileType>USED_IN_synthesis</spirit:userFileType>
        <spirit:isIncludeFile>true</spirit:isIncludeFile>
      </spirit:file>
      <spirit:file>
        <spirit:name>../../../../../Users/Xandy/Documents/VivadoProject/NoC/NoC.srcs/sim_1/new/tb_router.v</spirit:name>
        <spirit:fileType>verilogSource</spirit:fileType>
        <spirit:userFileType>USED_IN_implementation</spirit:userFileType>
        <spirit:userFileType>USED_IN_simulation</spirit:userFileType>
        <spirit:userFileType>USED_IN_synthesis</spirit:userFileType>
        <spirit:isIncludeFile>true</spirit:isIncludeFile>
      </spirit:file>
      <spirit:file>
        <spirit:name>../../../../../Users/Xandy/Documents/VivadoProject/NoC/NoC.srcs/sim_1/new/tb_NoC_flattened_butterfly.v</spirit:name>
        <spirit:fileType>verilogSource</spirit:fileType>
        <spirit:userFileType>USED_IN_implementation</spirit:userFileType>
        <spirit:userFileType>USED_IN_simulation</spirit:userFileType>
        <spirit:userFileType>USED_IN_synthesis</spirit:userFileType>
        <spirit:isIncludeFile>true</spirit:isIncludeFile>
      </spirit:file>
      <spirit:file>
        <spirit:name>../../../../../Users/Xandy/Documents/VivadoProject/NoC/tb_NoC_flattened_butterfly_behav.wcfg</spirit:name>
        <spirit:fileType>unknown</spirit:fileType>
        <spirit:userFileType>USED_IN_simulation</spirit:userFileType>
      </spirit:file>
    </spirit:fileSet>
    <spirit:fileSet>
      <spirit:name>xilinx_xpgui_view_fileset</spirit:name>
      <spirit:file>
        <spirit:name>xgui/NoC_flattened_butterfly_v1_0.tcl</spirit:name>
        <spirit:fileType>tclSource</spirit:fileType>
        <spirit:userFileType>CHECKSUM_71e02199</spirit:userFileType>
        <spirit:userFileType>XGUI_VERSION_2</spirit:userFileType>
      </spirit:file>
    </spirit:fileSet>
  </spirit:fileSets>
  <spirit:description>NoC_flattened_butterfly_v1_0</spirit:description>
  <spirit:parameters>
    <spirit:parameter>
      <spirit:name>DATA_W</spirit:name>
      <spirit:displayName>Data width</spirit:displayName>
      <spirit:value spirit:format="long" spirit:resolve="user" spirit:id="PARAM_VALUE.DATA_W">8</spirit:value>
    </spirit:parameter>
    <spirit:parameter>
      <spirit:name>FIFO_DEPTH</spirit:name>
      <spirit:displayName>Fifo depth</spirit:displayName>
      <spirit:value spirit:format="long" spirit:resolve="user" spirit:id="PARAM_VALUE.FIFO_DEPTH">8</spirit:value>
    </spirit:parameter>
    <spirit:parameter>
      <spirit:name>NODE_PER_ROW</spirit:name>
      <spirit:displayName>Nodes per row</spirit:displayName>
      <spirit:value spirit:format="long" spirit:resolve="user" spirit:id="PARAM_VALUE.NODE_PER_ROW">4</spirit:value>
    </spirit:parameter>
    <spirit:parameter>
      <spirit:name>NODE_PER_COL</spirit:name>
      <spirit:displayName>Nodes per column</spirit:displayName>
      <spirit:value spirit:format="long" spirit:resolve="user" spirit:id="PARAM_VALUE.NODE_PER_COL">4</spirit:value>
    </spirit:parameter>
    <spirit:parameter>
      <spirit:name>Component_Name</spirit:name>
      <spirit:value spirit:resolve="user" spirit:id="PARAM_VALUE.Component_Name" spirit:order="1">NoC_flattened_butterfly_v1_0</spirit:value>
    </spirit:parameter>
  </spirit:parameters>
  <spirit:vendorExtensions>
    <xilinx:coreExtensions>
      <xilinx:supportedFamilies>
        <xilinx:family xilinx:lifeCycle="Production">virtex7</xilinx:family>
        <xilinx:family xilinx:lifeCycle="Production">qvirtex7</xilinx:family>
        <xilinx:family xilinx:lifeCycle="Production">kintex7</xilinx:family>
        <xilinx:family xilinx:lifeCycle="Production">kintex7l</xilinx:family>
        <xilinx:family xilinx:lifeCycle="Production">qkintex7</xilinx:family>
        <xilinx:family xilinx:lifeCycle="Production">qkintex7l</xilinx:family>
        <xilinx:family xilinx:lifeCycle="Production">artix7</xilinx:family>
        <xilinx:family xilinx:lifeCycle="Production">artix7l</xilinx:family>
        <xilinx:family xilinx:lifeCycle="Production">aartix7</xilinx:family>
        <xilinx:family xilinx:lifeCycle="Production">qartix7</xilinx:family>
        <xilinx:family xilinx:lifeCycle="Production">zynq</xilinx:family>
        <xilinx:family xilinx:lifeCycle="Production">qzynq</xilinx:family>
        <xilinx:family xilinx:lifeCycle="Production">azynq</xilinx:family>
        <xilinx:family xilinx:lifeCycle="Production">spartan7</xilinx:family>
        <xilinx:family xilinx:lifeCycle="Production">aspartan7</xilinx:family>
        <xilinx:family xilinx:lifeCycle="Production">virtexu</xilinx:family>
        <xilinx:family xilinx:lifeCycle="Production">zynquplus</xilinx:family>
        <xilinx:family xilinx:lifeCycle="Production">virtexuplus</xilinx:family>
        <xilinx:family xilinx:lifeCycle="Production">virtexuplusHBM</xilinx:family>
        <xilinx:family xilinx:lifeCycle="Production">kintexuplus</xilinx:family>
        <xilinx:family xilinx:lifeCycle="Production">kintexu</xilinx:family>
      </xilinx:supportedFamilies>
      <xilinx:taxonomies>
        <xilinx:taxonomy>/UserIP</xilinx:taxonomy>
      </xilinx:taxonomies>
      <xilinx:displayName>NoC_flattened_butterfly_v1_0</xilinx:displayName>
      <xilinx:definitionSource>package_project</xilinx:definitionSource>
      <xilinx:coreRevision>4</xilinx:coreRevision>
      <xilinx:coreCreationDateTime>2019-04-14T00:25:48Z</xilinx:coreCreationDateTime>
      <xilinx:tags>
        <xilinx:tag xilinx:name="ui.data.coregen.dd@6cad7449_ARCHIVE_LOCATION">c:/users/xandy/documents/vivadoproject/noc</xilinx:tag>
        <xilinx:tag xilinx:name="ui.data.coregen.dd@4c50ac6a_ARCHIVE_LOCATION">c:/users/xandy/documents/vivadoproject/noc</xilinx:tag>
        <xilinx:tag xilinx:name="ui.data.coregen.dd@603cc757_ARCHIVE_LOCATION">c:/users/xandy/documents/vivadoproject/noc</xilinx:tag>
        <xilinx:tag xilinx:name="ui.data.coregen.dd@1609c509_ARCHIVE_LOCATION">c:/users/xandy/documents/vivadoproject/noc</xilinx:tag>
        <xilinx:tag xilinx:name="ui.data.coregen.dd@6b1a2716_ARCHIVE_LOCATION">c:/users/xandy/documents/vivadoproject/noc</xilinx:tag>
        <xilinx:tag xilinx:name="ui.data.coregen.dd@2013d475_ARCHIVE_LOCATION">c:/users/xandy/documents/vivadoproject/noc</xilinx:tag>
        <xilinx:tag xilinx:name="ui.data.coregen.dd@4636a903_ARCHIVE_LOCATION">c:/users/xandy/documents/vivadoproject/noc</xilinx:tag>
        <xilinx:tag xilinx:name="ui.data.coregen.dd@27861d66_ARCHIVE_LOCATION">c:/users/xandy/documents/vivadoproject/noc</xilinx:tag>
        <xilinx:tag xilinx:name="ui.data.coregen.dd@6351ee78_ARCHIVE_LOCATION">c:/users/xandy/documents/vivadoproject/noc</xilinx:tag>
        <xilinx:tag xilinx:name="ui.data.coregen.dd@4eb4394f_ARCHIVE_LOCATION">c:/users/xandy/documents/vivadoproject/noc</xilinx:tag>
        <xilinx:tag xilinx:name="ui.data.coregen.dd@561618fd_ARCHIVE_LOCATION">c:/users/xandy/documents/vivadoproject/noc</xilinx:tag>
        <xilinx:tag xilinx:name="ui.data.coregen.dd@fb9bc46_ARCHIVE_LOCATION">c:/users/xandy/documents/vivadoproject/noc</xilinx:tag>
        <xilinx:tag xilinx:name="ui.data.coregen.dd@685d40c0_ARCHIVE_LOCATION">c:/users/xandy/documents/vivadoproject/noc</xilinx:tag>
        <xilinx:tag xilinx:name="ui.data.coregen.dd@569bb674_ARCHIVE_LOCATION">c:/users/xandy/documents/vivadoproject/noc</xilinx:tag>
        <xilinx:tag xilinx:name="ui.data.coregen.dd@382d4bc4_ARCHIVE_LOCATION">c:/users/xandy/documents/vivadoproject/noc</xilinx:tag>
        <xilinx:tag xilinx:name="ui.data.coregen.dd@473068f2_ARCHIVE_LOCATION">c:/users/xandy/documents/vivadoproject/noc</xilinx:tag>
        <xilinx:tag xilinx:name="ui.data.coregen.dd@7eb65d95_ARCHIVE_LOCATION">c:/users/xandy/documents/vivadoproject/noc</xilinx:tag>
        <xilinx:tag xilinx:name="ui.data.coregen.dd@369063d1_ARCHIVE_LOCATION">c:/users/xandy/documents/vivadoproject/noc</xilinx:tag>
        <xilinx:tag xilinx:name="ui.data.coregen.dd@12113f52_ARCHIVE_LOCATION">c:/users/xandy/documents/vivadoproject/noc</xilinx:tag>
        <xilinx:tag xilinx:name="ui.data.coregen.dd@2269353b_ARCHIVE_LOCATION">c:/users/xandy/documents/vivadoproject/noc</xilinx:tag>
        <xilinx:tag xilinx:name="ui.data.coregen.dd@3650a6f_ARCHIVE_LOCATION">c:/users/xandy/documents/vivadoproject/noc</xilinx:tag>
        <xilinx:tag xilinx:name="ui.data.coregen.dd@52dfba36_ARCHIVE_LOCATION">c:/users/xandy/documents/vivadoproject/noc</xilinx:tag>
        <xilinx:tag xilinx:name="ui.data.coregen.dd@6235afdc_ARCHIVE_LOCATION">c:/users/xandy/documents/vivadoproject/noc</xilinx:tag>
        <xilinx:tag xilinx:name="ui.data.coregen.dd@42d196f3_ARCHIVE_LOCATION">c:/users/xandy/documents/vivadoproject/noc</xilinx:tag>
        <xilinx:tag xilinx:name="ui.data.coregen.dd@2b5aaba6_ARCHIVE_LOCATION">c:/users/xandy/documents/vivadoproject/noc</xilinx:tag>
        <xilinx:tag xilinx:name="ui.data.coregen.dd@504be84_ARCHIVE_LOCATION">c:/users/xandy/documents/vivadoproject/noc</xilinx:tag>
        <xilinx:tag xilinx:name="ui.data.coregen.dd@5490e200_ARCHIVE_LOCATION">c:/users/xandy/documents/vivadoproject/noc</xilinx:tag>
      </xilinx:tags>
    </xilinx:coreExtensions>
    <xilinx:packagingInfo>
      <xilinx:xilinxVersion>2018.3</xilinx:xilinxVersion>
      <xilinx:checksum xilinx:scope="busInterfaces" xilinx:value="25031715"/>
      <xilinx:checksum xilinx:scope="fileGroups" xilinx:value="ca13d0a9"/>
      <xilinx:checksum xilinx:scope="ports" xilinx:value="b4fc8805"/>
      <xilinx:checksum xilinx:scope="hdlParameters" xilinx:value="efe434f7"/>
      <xilinx:checksum xilinx:scope="parameters" xilinx:value="97579cff"/>
    </xilinx:packagingInfo>
  </spirit:vendorExtensions>
</spirit:component>
